{"note":"This file is an internal implementation detail to speed up HTML report generation. Its format can change at any time. You might be looking for the JSON report: https://coverage.rtfd.io/cmd.html#cmd-json","format":2,"version":"7.4.4","globals":"e54c227442c5f3ad8df0060525f1b2c7","files":{"d_cec2e1c9fed6d739___init___py":{"hash":"b4f904285221dbd6b4860db41625a943","index":{"nums":[0,1,2,0,0,0,0,0],"html_filename":"d_cec2e1c9fed6d739___init___py.html","relative_filename":"hello_app/__init__.py"}},"d_cec2e1c9fed6d739_views_py":{"hash":"90aedd6914c2cd8065a920d40abe0370","index":{"nums":[0,1,18,0,3,0,0,0],"html_filename":"d_cec2e1c9fed6d739_views_py.html","relative_filename":"hello_app/views.py"}},"d_cec2e1c9fed6d739_webapp_py":{"hash":"ee867889580d85417afd26328ce76aa0","index":{"nums":[0,1,2,0,0,0,0,0],"html_filename":"d_cec2e1c9fed6d739_webapp_py.html","relative_filename":"hello_app/webapp.py"}},"startup_py":{"hash":"b5440e9b5fff575c0b664950c4acc27b","index":{"nums":[0,1,1,0,0,0,0,0],"html_filename":"startup_py.html","relative_filename":"startup.py"}},"test_test1_py":{"hash":"6a3ff1ee8bf26ca26169c98e56364953","index":{"nums":[0,1,14,0,0,0,0,0],"html_filename":"test_test1_py.html","relative_filename":"test_test1.py"}}}}